{"accuracy": [0.7365136742591858, 0.9454523324966431, 0.9663413763046265, 0.9701963663101196, 0.9750873446464539, 0.9930851459503174, 0.9955667853355408, 0.9956390857696533, 0.9964582324028015, 0.9974942803382874, 0.9983616471290588, 0.9992771744728088, 0.9992290139198303, 0.9991567134857178, 0.9996626973152161, 0.9994940161705017, 0.9993735551834106, 0.9995663166046143, 0.999542236328125, 0.9994699358940125, 0.9998072385787964, 0.9998554587364197, 0.9997590780258179], "loss": [0.8746404647827148, 0.1940699815750122, 0.12521620094776154, 0.11810468882322311, 0.10084423422813416, 0.026756461709737778, 0.01595674641430378, 0.016562445089221, 0.014896984212100506, 0.009330840781331062, 0.0064702765084803104, 0.0024237188044935465, 0.00219945190474391, 0.0030391125474125147, 0.001203986699692905, 0.002152807079255581, 0.0028779597487300634, 0.0015407318715006113, 0.0025342931039631367, 0.001665499177761376, 0.0006096780416555703, 0.0005522774299606681, 0.000874924473464489], "val_accuracy": [0.9371687173843384, 0.9589476585388184, 0.9578876495361328, 0.9536474943161011, 0.9535511136054993, 0.9922906160354614, 0.9930616021156311, 0.9927724599838257, 0.9929652214050293, 0.9903632998466492, 0.9954707622528076, 0.9954707622528076, 0.9957598447799683, 0.9950852990150452, 0.9961453080177307, 0.995278000831604, 0.9964344501495361, 0.9969162344932556, 0.9967235326766968, 0.9961453080177307, 0.9962416887283325, 0.9969162344932556, 0.9969162344932556], "val_loss": [0.2128465622663498, 0.14141535758972168, 0.14347100257873535, 0.1843491494655609, 0.2200997769832611, 0.03134964779019356, 0.026266153901815414, 0.028147900477051735, 0.02770386077463627, 0.0409805066883564, 0.022344134747982025, 0.02118326909840107, 0.021550113335251808, 0.020925698801875114, 0.019892968237400055, 0.023460259661078453, 0.02024766616523266, 0.015852363780140877, 0.019244451075792313, 0.017642969265580177, 0.02091900072991848, 0.01998361200094223, 0.017188647761940956], "learning_rate": [0.0010000000474974513, 0.0010000000474974513, 0.0010000000474974513, 0.0010000000474974513, 0.0010000000474974513, 0.0003000000142492354, 0.0003000000142492354, 0.0003000000142492354, 0.0003000000142492354, 0.0003000000142492354, 9.000000136438757e-05, 9.000000136438757e-05, 9.000000136438757e-05, 9.000000136438757e-05, 9.000000136438757e-05, 9.000000136438757e-05, 9.000000136438757e-05, 9.000000136438757e-05, 9.000000136438757e-05, 9.000000136438757e-05, 9.000000136438757e-05, 2.700000004551839e-05, 2.700000004551839e-05]}